sequence,motif,sequence-name
SHFFYGVF,......VF,B2-dallon
SHFFYGVF,....Y..F,B2-dallon
SHFFYGVF,...F...F,B2-dallon
SHFFYGVF,..F....F,B2-dallon
SHFFYGVF,...FY...,B2-dallon
SHFFYGVF,..FF....,B2-dallon
YYRIICVF,......VF,B5-dallon
YYRIICVF,.Y.....F,B5-dallon
YYRIICVF,.....CVF,B5-dallon
YYRIICVF,YY......,B5-dallon
YYRIICVF,Y......F,B5-dallon
RFLYFGHL,..LY....,B3-dallon
RFLYFGHL,....F.H.,B3-dallon
RFLYFGHL,.FL.F...,B3-dallon
CLYIVRFL,C..I....,B6-dallon
CLYIVRFL,....V.F.,B6-dallon
FRIFYRIF,....Y..F,C1-dallon
FRIFYRIF,F......F,C1-dallon
FRIFYRIF,...F...F,C1-dallon
FRIFYRIF,F...Y...,C1-dallon
FRIFYRIF,...FY...,C1-dallon
FRIFYRIF,F..F...F,C1-dallon
FRIFYRIF,F.I.....,C1-dallon
FRIFYRIF,F...Y..F,C1-dallon
YNFIGFFR,..FI....,B1-dallon
YNFIGFFR,Y.....F.,B1-dallon
YNFIGFFR,Y.F.....,B1-dallon
YDDFSFYH,Y..F....,C4-dallon
YDDFSFYH,...F..Y.,C4-dallon
YDDFSFYH,Y.....Y.,C4-dallon
SYDLCGND,.Y.L....,C3-dallon
FCLNCGRD,FC..C...,A3-nonToxic
FCLNCGRD,.CL.C...,A3-nonToxic
GFYYVCII,...YV...,B4-dallon
GFYYVCII,..YY....,B4-dallon
GFYYVCII,.F.....I,B4-dallon
GFYYVCII,.FY.....,B4-dallon
