sequence, motif, database, mode of action, name, source
KYGDVPLY,.Y.....Y,DRAMP, unknown,, http://dramp.cpu-bioinfor.org/browse/All_Information.php?id=DRAMP18248&dataset=General
KYGDVPLY,......LY,DRAMP, '',, ''
KYGDVPLY,.Y....L.,DRAMP, '',, ''
YDFWKAVP,Y.F.....,BAGEL4, protein tyrosine kinase (c-erbB-214) inhibitor, Hymenamide_K, https://ac-els-cdn-com.erl.lib.byu.edu/S0040402001850067/1-s2.0-S0040402001850067-main.pdf?_tid=f751eda1-385d-4e68-8403-6478eb8a0fd6&acdnat=1542237917_2440b7805e16e6a852c9185f811ed269
VTVCITFC,......FC,BAGEL4, unknown,Patellamide_E, https://pubs-acs-org.erl.lib.byu.edu/doi/pdf/10.1021/np50081a016
EIGVYGLP,.I..Y...,BAGEL4, unknown,Microphycin_AL828, https://www.sciencedirect.com/science/article/pii/S0040402008009216?via%3Dihub
FFHLHFHY,F......Y,DRAMP, unknown,, http://dramp.cpu-bioinfor.org/browse/All_Information.php?id=DRAMP04238&dataset=General https://www.ncbi.nlm.nih.gov/pubmed/?term=12569105
FFHLHFHY,.F.....Y,DRAMP, '',, (worth looking at the article some more)
FFHLHFHY,.....F.Y,DRAMP, '',, ''
FFHLHFHY,F....F.Y,DRAMP, '',, ''
FFHLHFHY,FF.....Y,DRAMP, '',, ''
ITACITFC,......FC,BAGEL4, unknown,Patellamide_D,https://pubs.acs.org/doi/abs/10.1021/jo00275a036
TVPVPSFC,......FC,BAGEL4, unknown,Patellin_5, no results found
TVPVPSFC,...V..F.,BAGEL4, '',, ''
YTANPRYP,Y.....Y.,BAGEL4, unknown,Cyclonellin, https://pubs.acs.org/doi/abs/10.1021/np030336x http://iopscience.iop.org/article/10.1088/1755-1315/116/1/012084/pdf
LTACITFC,......FC,BAGEL4, unknown,Prepatellamide_B_formate,https://onlinelibrary-wiley-com.erl.lib.byu.edu/doi/pdf/10.1002/bscb.19860950911
YYQQKPVA,YY......,MilkAMP, need to find the article in physical copy,, http://milkampdb.org/CAK0010
VTVCVSFC,......FC,BAGEL4, unknown,Patellamide_F, https://pubs-acs-org.erl.lib.byu.edu/doi/pdf/10.1021/np50118a020
VTVCVSFC,....V.F.,BAGEL4, '' ,'', ''
RYPAVGYT,.Y....Y.,InverPep, unknown,, http://ciencias.medellin.unal.edu.co/gruposdeinvestigacion/prospeccionydisenobiomoleculas/InverPep/public/Peptido/see/741 https://www.uniprot.org/uniprot/B3EWR9
VPPGFTPF,....F..F,DADP, bradykinin activity (may not be antimictrobial?), many names, appears in the bioactive sequence of 12 peptides https://www.uniprot.org/uniprot/P86630
VPPGFTPF,V......F,DADP,'','',''
VPPGFTPF,V...F..F,DADP,'','',''
VRPYLVAF,...Y...F,CAMPR3, antifungal - THE STUDY HAS COOL PICTURES, pleurostrin , https://www-sciencedirect-com.erl.lib.byu.edu/science/article/pii/S0196978105001816
VRPYLVAF,V......F,CAMPR3,'' ,'',''
VRPYLVAF,...Y.V.F,CAMPR3,'','',''
WKLFDDGV,...F...V,CAMPR3, antibacterial and antifungal -- BEST ONE YET, Cr‚ÄêACP1, https://onlinelibrary-wiley-com.erl.lib.byu.edu/doi/full/10.1002/jcb.23343 http://www.camp.bicnirrh.res.in/seqDisp.php?id=CAMPSQ2471
WKLFDDGV,..LF....,CAMPR3,'','',''
CKIALPYT,C...L...,DADP, unkown, part of Spinulosain-B2 and Nigroain-H, no articles directly about either of these peptides (though there are studies about the peptide families)
FWQKMSFA,F.....F.,APD, Bacteriocin (effective against Bacillus spp.), Plantaricin JLA-9, https://pubs-acs-org.erl.lib.byu.edu/doi/pdf/10.1021/acs.jafc.5b05717
FFFLSRIF,F......F,DADP, permeabalization of bacterial membranes GOOD PICTURES, Temporin-SHf, Has a lot of potential: http://www.jbc.org/content/285/22/16880.full.pdf
FFFLSRIF,..F....F,DADP, '','',''
FFFLSRIF,...L...F,DADP,'','',''
FFFLSRIF,.F.....F,DADP,'','',''
FFFLSRIF,FFF.....,DADP,'','',''
LYCNPSLC,LY......,BAGEL4, possible kinase inhibitor (in humans): connection to Alzheimers, Kororamide, https://pubs-acs-org.erl.lib.byu.edu/doi/pdf/10.1021/np990353f https://www.ncbi.nlm.nih.gov/pmc/articles/PMC6213646/ https://www.sciencedirect.com/science/article/pii/S0040402015012090?via%3Dihub
LYCNPSLC,.Y....L.,BAGEL4,'','',''
LYCNPSLC,.YC....C,BAGEL4,'','',''
APPGFTPF,....F..F,DADP,,,
RPPGFSPF,....F..F,DRAMP,,,
IPPQFMRF,....F..F,DADP,,,
IPPQFMRF,I...F...,DADP,,,
IPPQFMRF,I......F,DADP,,,
VCFCICVP,.C.C.C..,BAGEL4, weakly cytotoxic to colon tumor cells,Tawicyclamide_A_(Tawicyclamide_B),https://pubs.acs.org/doi/abs/10.1021/jo00043a017
VCFCICVP,VC.C....,BAGEL4,'','',''
VCFCICVP,.CFC....,BAGEL4,'','',''
VCFCICVP,...C.CV.,BAGEL4,'','',''
VCFCICVP,..FC.C..,BAGEL4,'','',''
VCFCICVP,V..C.C..,BAGEL4,'','',''
GFTPFRIY,.F.....Y,DADP, unknown ,Des-Arg'Pro'Pro-[Thr6]-phyllokinin, no direct research articles though the phyllokinins have activity in animal tissue
GFTPFRIY,....F..Y,DADP,'',,
ITACLTFC,......FC,BAGEL4,unknown,Patellamide_G,https://pubs-acs-org.erl.lib.byu.edu/doi/pdf/10.1021/np9802872
YDFWKVYP,Y.....Y.,BAGEL4,protein kinase inhibitor,Hymenamide_J,https://www.sciencedirect.com/science/article/pii/S0040402001850067?via%3Dihub
YDFWKVYP,Y.F.....,BAGEL4,'','',''
RPPGFTPF,....F..F,DRAMP,,,
CTFCCTLC,C..CC...,BAGEL4,unknown - Ulithiacyclamide is a potent Macrophage Scavenger Receptor (in humans?),Preulithiacyclamide OR Ulithiacyclamide_B_(Ulithiacyclamide_E)_(Ulithiacyclamide_F)_(Ulithiacyclamide_G), https://www-tandfonline-com.erl.lib.byu.edu/doi/abs/10.1080/10575639708048313#aHR0cHM6Ly93d3ctdGFuZGZvbmxpbmUtY29tLmVybC5saWIuYnl1LmVkdS9kb2kvcGRmLzEwLjEwODAvMTA1NzU2Mzk3MDgwNDgzMTM/bmVlZEFjY2Vzcz10cnVlQEBAMA== 
CTFCCTLC,C..C...C,BAGEL4,'','',''
CTFCCTLC,C.F.C...,BAGEL4,'','',''
CTFCCTLC,...CC..C,BAGEL4,'','',''
CTFCCTLC,C...C..C,BAGEL4,'','',''
CTFCCTLC,C.FC....,BAGEL4,'','',''
CTFCCTLC,C..C..L.,BAGEL4,'','',''
CTFCCTLC,C..C....,BAGEL4,'','',''
CTFCCTLC,..F...L.,BAGEL4,'','',''
