Peptide,Motif,ID
YYRIICVF,......VF,5
YYRIICVF,.Y.....F,5
YYRIICVF,.....CVF,5
YYRIICVF,YY......,5
YYRIICVF,Y......F,5
FRIFVFLI,F..F.F..,11
FRIFVFLI,F.I.....,11
FRIFVFLI,F.I.V...,11
YRLIIFFY,.....F.Y,24
YRLIIFFY,Y......Y,24
YRLIIFFY,......FY,24
YRLIIFFY,..L....Y,24
YRLIIFFY,..L...F.,24
YRLIIFFY,Y.....F.,24
YRLIIFFY,....I..Y,24
YRLIIFFY,....IF..,24
HRFFYVLF,....Y..F,27
HRFFYVLF,...F...F,27
HRFFYVLF,..F....F,27
HRFFYVLF,...FY...,27
HRFFYVLF,..F...L.,27
HRFFYVLF,..FF....,27
VRFYVYLI,..FY....,26
VRFYVYLI,...YV...,26
VRFYVYLI,..F...L.,26
FRCIIVRL,F..I....,23
FRCIIVRL,F......L,23
FRCIIVRL,..C....L,23
YRVIVFFY,.....F.Y,43
YRVIVFFY,Y......Y,43
YRVIVFFY,Y.V.....,43
YRVIVFFY,......FY,43
YRVIVFFY,..V....Y,43
YRVIVFFY,....V.F.,43
YRVIVFFY,Y.....F.,43
RFLYFGHL,..LY....,3
RFLYFGHL,....F.H.,3
RFLYFGHL,.FL.F...,3
YNIFYILY,...F...Y,10
YNIFYILY,....Y..Y,10
YNIFYILY,Y..F....,10
YNIFYILY,Y......Y,10
YNIFYILY,...FY...,10
YNIFYILY,Y...Y...,10
YNIFYILY,......LY,10
CLYIVRFL,C..I....,6
CLYIVRFL,....V.F.,6
FFRIVLVV,F..I....,12
DYVIIVYR,.Y....Y.,25
RIYYIIIC,..YY....,36
CYRLYIIF,....Y..F,29
CYRLYIIF,C......F,29
CYRLYIIF,.Y.....F,29
CYRLYIIF,...L...F,29
CYRLYIIF,.Y.L....,29
CYRLYIIF,.Y..Y...,29
CYRLYIIF,.Y....I.,29
RYYYIIFV,...Y..F.,8
RYYYIIFV,......FV,8
RYYYIIFV,.Y....F.,8
RYYYIIFV,..YY....,8
RYYYIIFV,.....IF.,8
RYYYIIFV,.YY.....,8
YYYLGFNF,.Y.....F,21
YYYLGFNF,...L...F,21
YYYLGFNF,.Y.L....,21
YYYLGFNF,YY......,21
YYYLGFNF,Y......F,21
YYYLGFNF,.YY.....,21
YYYLGFNF,..Y....F,21
YSCYLILF,...Y...F,37
YSCYLILF,Y..Y....,37
YSCYLILF,..C....F,37
YSCYLILF,Y......F,37
HRVVYVFI,...V..F.,14
HRVVYVFI,....Y.F.,14
YYYVFYLC,....F..C,28
YYYVFYLC,.Y..F...,28
YYYVFYLC,.Y.V....,28
YYYVFYLC,YY......,28
YYYVFYLC,Y....Y..,28
YYYVFYLC,...VF...,28
YYYVFYLC,.Y....L.,28
YYYVFYLC,.YY.....,28
IYVFSFGV,...F...V,42
IYVFSFGV,.Y.F....,42
DYYIVFLV,.Y....L.,33
DYYIVFLV,.YY.....,33
DYYIVFLV,.Y...FL.,33
CFYVIHII,.F.....I,19
CFYVIHII,.FY.....,19
LRVYLVFV,...Y..F.,30
LRVYLVFV,......FV,30
LRVYLVFV,..VY....,30
LRVYLVFV,..VY.V..,30
LRVYLVFV,L..Y....,30
RNFFYGVF,......VF,16
RNFFYGVF,....Y..F,16
RNFFYGVF,...F...F,16
RNFFYGVF,..F....F,16
RNFFYGVF,...FY...,16
RNFFYGVF,..FF....,16
YYRIYCYF,....Y..F,34
YYRIYCYF,....Y.Y.,34
YYRIYCYF,Y...Y...,34
YYRIYCYF,.Y.....F,34
YYRIYCYF,......YF,34
YYRIYCYF,Y.....Y.,34
YYRIYCYF,.Y..Y...,34
YYRIYCYF,.Y....Y.,34
YYRIYCYF,YY......,34
YYRIYCYF,Y......F,34
YYRIYCYF,...IY...,34
SHFFYGVF,......VF,2
SHFFYGVF,....Y..F,2
SHFFYGVF,...F...F,2
SHFFYGVF,..F....F,2
SHFFYGVF,...FY...,2
SHFFYGVF,..FF....,2
HYYIIYFI,.Y....F.,7
HYYIIYFI,.....YF.,7
HYYIIYFI,.YY.....,7
IYFIYLRR,.Y..Y...,32
IYFIYLRR,..FI....,32
IYFIYLRR,...IY...,32
YRLFLVYF,...F...F,44
YRLFLVYF,Y..F....,44
YRLFLVYF,...F..Y.,44
YRLFLVYF,......YF,44
YRLFLVYF,Y.....Y.,44
YRLFLVYF,..LF....,44
YRLFLVYF,Y......F,44
FCLFRGFG,...F..F.,9
FCLFRGFG,..LF....,9
FCLFRGFG,FC....F.,9
FCLFRGFG,F.....F.,9
FCLFRGFG,..L...F.,9
FCLFRGFG,FC.F....,9
FRIFYRIF,....Y..F,20
FRIFYRIF,F......F,20
FRIFYRIF,...F...F,20
FRIFYRIF,F...Y...,20
FRIFYRIF,...FY...,20
FRIFYRIF,F..F...F,20
FRIFYRIF,F.I.....,20
FRIFYRIF,F...Y..F,20
SLYIFFIC,....F..C,40
SLYIFFIC,....FF..,40
NYLFYCFL,...FY...,31
NYLFYCFL,...F..F.,31
NYLFYCFL,.Y..Y...,31
NYLFYCFL,.Y....F.,31
NYLFYCFL,.Y.F....,31
NYLFYCFL,..LF....,31
NYLFYCFL,..L...F.,31
NYLFYCFL,....Y.F.,31
NYLFYCFL,.Y.FY...,31
YNFIGFFR,..FI....,1
YNFIGFFR,Y.....F.,1
YNFIGFFR,Y.F.....,1
RYYIICLV,.Y....L.,22
RYYIICLV,.YY.....,22
GFYYVCII,...YV...,4
GFYYVCII,..YY....,4
GFYYVCII,.F.....I,4
GFYYVCII,.FY.....,4
RHFFYGVF,......VF,15
RHFFYGVF,....Y..F,15
RHFFYGVF,...F...F,15
RHFFYGVF,..F....F,15
RHFFYGVF,...FY...,15
RHFFYGVF,..FF....,15
YHLVYRIY,....Y..Y,13
YHLVYRIY,Y......Y,13
YHLVYRIY,...V...Y,13
YHLVYRIY,..L....Y,13
YHLVYRIY,Y...Y...,13
